airline,Airline_Name,year,month,polarity,overall_rating
AA,American Airlines Inc.,2013,12,0.0884616991311,4.34482758621
AA,American Airlines Inc.,2014,1,0.0831651710698,4.31707317073
AA,American Airlines Inc.,2014,2,0.128041423465,3.4
AA,American Airlines Inc.,2014,3,0.0703659279504,3.94285714286
AA,American Airlines Inc.,2014,4,0.156197222553,4.64705882353
AA,American Airlines Inc.,2014,5,0.0216358686441,2.82857142857
AA,American Airlines Inc.,2014,6,0.0706034375064,4.07692307692
AA,American Airlines Inc.,2014,7,0.0747012487244,3.2972972973
AA,American Airlines Inc.,2014,8,0.0683520726072,4.15384615385
AA,American Airlines Inc.,2014,9,0.100998664265,4.19230769231
AA,American Airlines Inc.,2014,10,0.0624693084948,3.09090909091
AA,American Airlines Inc.,2014,11,0.108636581117,4.75
AA,American Airlines Inc.,2014,12,0.0555996316737,4.45
AA,American Airlines Inc.,2015,1,0.0831699727849,3.52380952381
AA,American Airlines Inc.,2015,2,0.0814193416142,3.33333333333
AA,American Airlines Inc.,2015,3,0.0939746458448,3.46666666667
AA,American Airlines Inc.,2015,4,0.0335667441102,2.8275862069
AA,American Airlines Inc.,2015,5,0.0504228452926,2.81818181818
AA,American Airlines Inc.,2015,6,0.0517432712628,3.19444444444
AA,American Airlines Inc.,2015,7,0.065124351128,2.6511627907
AA,American Airlines Inc.,2015,8,0.075,1.0
AS,Alaska Airlines Inc.,2010,7,0.403571428571,10.0
AS,Alaska Airlines Inc.,2010,8,0.175,6.0
AS,Alaska Airlines Inc.,2010,9,0.375,5.0
AS,Alaska Airlines Inc.,2010,10,0.223245614035,9.0
AS,Alaska Airlines Inc.,2010,11,-0.0213888888889,7.0
AS,Alaska Airlines Inc.,2010,12,0.158657537089,6.66666666667
AS,Alaska Airlines Inc.,2011,1,0.107019230769,5.16666666667
AS,Alaska Airlines Inc.,2011,2,0.285486767021,8.75
AS,Alaska Airlines Inc.,2011,3,0.140972222222,2.33333333333
AS,Alaska Airlines Inc.,2011,4,0.187420634921,3.0
AS,Alaska Airlines Inc.,2011,5,0.0566989087302,2.33333333333
AS,Alaska Airlines Inc.,2011,6,0.0648481267507,6.0
AS,Alaska Airlines Inc.,2011,7,-0.0183328952793,3.57142857143
AS,Alaska Airlines Inc.,2011,8,0.316970727685,6.28571428571
AS,Alaska Airlines Inc.,2011,9,0.140833333333,9.0
AS,Alaska Airlines Inc.,2011,10,0.0661963036963,6.25
AS,Alaska Airlines Inc.,2012,1,0.1525,4.0
AS,Alaska Airlines Inc.,2012,2,0.191666666667,1.5
AS,Alaska Airlines Inc.,2012,3,-0.142361111111,4.0
AS,Alaska Airlines Inc.,2012,4,-0.0412952065296,4.25
AS,Alaska Airlines Inc.,2012,5,0.0437533068783,6.0
AS,Alaska Airlines Inc.,2012,6,0.23243844697,5.25
AS,Alaska Airlines Inc.,2012,7,0.0228454184704,2.28571428571
AS,Alaska Airlines Inc.,2012,8,-0.00643262987013,1.5
AS,Alaska Airlines Inc.,2012,9,0.228929496883,5.0
AS,Alaska Airlines Inc.,2012,10,0.20625,5.0
AS,Alaska Airlines Inc.,2012,11,0.36875,7.0
AS,Alaska Airlines Inc.,2012,12,0.103596230159,3.0
AS,Alaska Airlines Inc.,2013,1,0.306072631073,7.2
AS,Alaska Airlines Inc.,2013,2,0.0431036556037,3.0
AS,Alaska Airlines Inc.,2013,3,0.108389437042,5.42857142857
AS,Alaska Airlines Inc.,2013,4,0.204280045351,6.71428571429
AS,Alaska Airlines Inc.,2013,5,0.0413626814362,4.66666666667
AS,Alaska Airlines Inc.,2013,6,0.293792045617,6.0
AS,Alaska Airlines Inc.,2013,7,0.409016479552,6.5
AS,Alaska Airlines Inc.,2013,8,0.134515123753,6.14285714286
AS,Alaska Airlines Inc.,2013,9,0.288814484127,8.66666666667
AS,Alaska Airlines Inc.,2013,10,0.233615689866,8.5
AS,Alaska Airlines Inc.,2013,11,0.327513227513,9.66666666667
AS,Alaska Airlines Inc.,2013,12,0.257388592391,8.14285714286
AS,Alaska Airlines Inc.,2014,1,0.0555555555556,9.0
AS,Alaska Airlines Inc.,2014,2,0.0267361111111,7.0
AS,Alaska Airlines Inc.,2014,3,0.207857142857,2.5
AS,Alaska Airlines Inc.,2014,4,0.199686798541,7.16666666667
AS,Alaska Airlines Inc.,2014,5,0.276726325758,9.5
AS,Alaska Airlines Inc.,2014,6,0.317971906566,9.25
AS,Alaska Airlines Inc.,2014,7,0.367449494949,7.2
AS,Alaska Airlines Inc.,2014,8,0.162351285969,5.8
AS,Alaska Airlines Inc.,2014,9,0.0444143356643,7.0
AS,Alaska Airlines Inc.,2014,10,0.206049206349,7.2
AS,Alaska Airlines Inc.,2014,11,0.306666666667,7.0
AS,Alaska Airlines Inc.,2014,12,0.203107606679,7.0
AS,Alaska Airlines Inc.,2015,1,0.241526451295,8.28571428571
AS,Alaska Airlines Inc.,2015,2,0.116666666667,1.0
AS,Alaska Airlines Inc.,2015,3,0.3821875,10.0
AS,Alaska Airlines Inc.,2015,4,0.0127030104971,5.33333333333
AS,Alaska Airlines Inc.,2015,5,0.335545935546,9.33333333333
AS,Alaska Airlines Inc.,2015,6,0.501041666667,9.0
AS,Alaska Airlines Inc.,2015,7,0.217498989451,7.0
B6,JetBlue Airways,2010,6,0.0628564213564,10.0
B6,JetBlue Airways,2010,7,0.278572180135,8.75
B6,JetBlue Airways,2010,8,0.253622727581,4.66666666667
B6,JetBlue Airways,2010,9,0.311607142857,9.0
B6,JetBlue Airways,2010,10,0.113003341688,5.66666666667
B6,JetBlue Airways,2010,12,0.349181547619,10.0
B6,JetBlue Airways,2011,1,0.333784271284,10.0
B6,JetBlue Airways,2011,2,0.0113095238095,6.0
B6,JetBlue Airways,2011,3,0.548333333333,8.0
B6,JetBlue Airways,2011,4,0.27898027898,8.0
B6,JetBlue Airways,2011,6,0.376574960128,8.5
B6,JetBlue Airways,2011,7,0.09865047871,5.83333333333
B6,JetBlue Airways,2011,8,0.0515568310658,4.75
B6,JetBlue Airways,2011,9,0.124941211052,6.33333333333
B6,JetBlue Airways,2011,10,0.194411375661,8.0
B6,JetBlue Airways,2011,11,0.1625,5.0
B6,JetBlue Airways,2011,12,0.347032828283,7.0
B6,JetBlue Airways,2012,1,0.350446428571,9.0
B6,JetBlue Airways,2012,2,0.271836419753,8.33333333333
B6,JetBlue Airways,2012,3,0.106770833333,9.5
B6,JetBlue Airways,2012,4,0.107885586636,8.0
B6,JetBlue Airways,2012,5,0.467948717949,9.0
B6,JetBlue Airways,2012,6,0.239158896659,7.2
B6,JetBlue Airways,2012,7,0.193815135482,4.44444444444
B6,JetBlue Airways,2012,8,0.305126262626,9.0
B6,JetBlue Airways,2012,9,0.306904987374,9.25
B6,JetBlue Airways,2012,10,0.215,8.0
B6,JetBlue Airways,2012,11,0.378645833333,9.0
B6,JetBlue Airways,2012,12,0.0166666666667,0.0
B6,JetBlue Airways,2013,1,0.106774891775,4.6
B6,JetBlue Airways,2013,2,0.413650793651,7.33333333333
B6,JetBlue Airways,2013,3,0.316586174242,8.5
B6,JetBlue Airways,2013,4,0.439393939394,10.0
B6,JetBlue Airways,2013,5,0.166159880617,6.55555555556
B6,JetBlue Airways,2013,6,0.334300595238,10.0
B6,JetBlue Airways,2013,7,0.15200998076,2.8
B6,JetBlue Airways,2013,8,0.00816077441077,2.66666666667
B6,JetBlue Airways,2013,9,0.270451388889,6.0
B6,JetBlue Airways,2013,10,0.282469169719,9.2
B6,JetBlue Airways,2013,11,0.241527777778,8.2
B6,JetBlue Airways,2013,12,0.265596784168,5.85714285714
B6,JetBlue Airways,2014,1,0.157280643739,1.0
B6,JetBlue Airways,2014,2,0.142227272727,2.0
B6,JetBlue Airways,2014,3,0.241582491582,7.0
B6,JetBlue Airways,2014,4,0.00646749084249,5.5
B6,JetBlue Airways,2014,5,0.0124766313933,1.16666666667
B6,JetBlue Airways,2014,6,0.11719047619,4.4
B6,JetBlue Airways,2014,7,0.294515785802,5.71428571429
B6,JetBlue Airways,2014,8,0.0608030990174,3.71428571429
B6,JetBlue Airways,2014,9,0.129041666667,5.8
B6,JetBlue Airways,2014,10,0.354791042291,8.25
B6,JetBlue Airways,2014,11,0.437696544984,9.33333333333
B6,JetBlue Airways,2014,12,0.26125,9.5
B6,JetBlue Airways,2015,1,0.292129411765,9.2
B6,JetBlue Airways,2015,2,0.147854823748,5.0
B6,JetBlue Airways,2015,3,0.129087000962,6.25
B6,JetBlue Airways,2015,4,0.264619938885,8.0
B6,JetBlue Airways,2015,5,0.08125,1.0
B6,JetBlue Airways,2015,6,0.0662878787879,4.0
B6,JetBlue Airways,2015,7,0.227152506059,5.83333333333
CO,Continental Air Lines Inc.,2011,1,0.0785263562496,4.71428571429
CO,Continental Air Lines Inc.,2011,2,0.0699214785552,4.16666666667
CO,Continental Air Lines Inc.,2011,3,0.0906747797657,4.77777777778
CO,Continental Air Lines Inc.,2011,4,0.188241074769,4.11111111111
CO,Continental Air Lines Inc.,2011,5,0.0637272350665,4.28571428571
CO,Continental Air Lines Inc.,2011,6,-0.00642361111111,2.66666666667
CO,Continental Air Lines Inc.,2011,7,0.269902146465,3.5
CO,Continental Air Lines Inc.,2011,8,-0.015968407144,3.04761904762
CO,Continental Air Lines Inc.,2011,9,0.035156771506,3.25
CO,Continental Air Lines Inc.,2011,10,0.160761717706,6.88888888889
CO,Continental Air Lines Inc.,2011,11,0.0954338796125,3.5
CO,Continental Air Lines Inc.,2011,12,0.112605553714,4.76923076923
CO,Continental Air Lines Inc.,2012,1,0.0658684733076,4.81818181818
CO,Continental Air Lines Inc.,2012,2,0.133217248963,4.81818181818
CO,Continental Air Lines Inc.,2012,3,0.187749542125,4.75
CO,Continental Air Lines Inc.,2012,4,0.05,1.0
CO,Continental Air Lines Inc.,2012,5,0.373287037037,7.66666666667
CO,Continental Air Lines Inc.,2012,6,-0.16,2.0
DL,Delta Air Lines Inc.,2013,9,0.0510142343037,5.25
DL,Delta Air Lines Inc.,2013,10,0.163223146275,5.5
DL,Delta Air Lines Inc.,2013,11,0.151183533398,5.15
DL,Delta Air Lines Inc.,2013,12,0.172170783767,5.4347826087
DL,Delta Air Lines Inc.,2014,1,0.18608232332,5.3
DL,Delta Air Lines Inc.,2014,2,0.173196217924,4.76470588235
DL,Delta Air Lines Inc.,2014,3,0.215873169943,6.05
DL,Delta Air Lines Inc.,2014,4,0.0984150542758,4.47058823529
DL,Delta Air Lines Inc.,2014,5,0.109576385442,5.15384615385
DL,Delta Air Lines Inc.,2014,6,0.158257895992,4.92592592593
DL,Delta Air Lines Inc.,2014,7,0.15120330903,4.04545454545
DL,Delta Air Lines Inc.,2014,8,0.166911187608,4.47619047619
DL,Delta Air Lines Inc.,2014,9,0.181958573483,4.80952380952
DL,Delta Air Lines Inc.,2014,10,0.20542307293,5.88235294118
DL,Delta Air Lines Inc.,2014,11,0.216491268224,6.13333333333
DL,Delta Air Lines Inc.,2014,12,0.0731363738365,5.14285714286
DL,Delta Air Lines Inc.,2015,1,0.137121645835,5.76
DL,Delta Air Lines Inc.,2015,2,0.2329894246,6.21428571429
DL,Delta Air Lines Inc.,2015,3,0.0452807086315,3.28571428571
DL,Delta Air Lines Inc.,2015,4,0.209312507219,5.82352941176
DL,Delta Air Lines Inc.,2015,5,0.13814522741,4.16666666667
DL,Delta Air Lines Inc.,2015,6,0.11060783843,5.15789473684
DL,Delta Air Lines Inc.,2015,7,0.173544395279,5.24390243902
DL,Delta Air Lines Inc.,2015,8,-0.175,1.0
F9,Frontier Airlines Inc.,2012,3,0.147407407407,4.0
F9,Frontier Airlines Inc.,2012,4,-0.0078125,5.5
F9,Frontier Airlines Inc.,2012,6,0.24250701459,6.66666666667
F9,Frontier Airlines Inc.,2012,7,0.00945707070707,6.0
F9,Frontier Airlines Inc.,2012,8,0.103334498834,2.6
F9,Frontier Airlines Inc.,2012,9,-0.05,3.66666666667
F9,Frontier Airlines Inc.,2012,10,0.21474011827,3.0
F9,Frontier Airlines Inc.,2012,11,0.143373015873,0.5
F9,Frontier Airlines Inc.,2012,12,0.141727321847,1.83333333333
F9,Frontier Airlines Inc.,2013,1,0.0824851190476,4.33333333333
F9,Frontier Airlines Inc.,2013,2,0.078125,4.0
F9,Frontier Airlines Inc.,2013,3,0.0195603354978,2.33333333333
F9,Frontier Airlines Inc.,2013,4,0.0218760393046,4.6
F9,Frontier Airlines Inc.,2013,5,-0.0191290280233,2.46153846154
F9,Frontier Airlines Inc.,2013,6,0.18404978355,7.6
F9,Frontier Airlines Inc.,2013,7,0.0980138888889,2.3
F9,Frontier Airlines Inc.,2013,8,0.133556311413,2.5
F9,Frontier Airlines Inc.,2013,9,0.0895208276298,2.58333333333
F9,Frontier Airlines Inc.,2013,10,0.0649005118146,0.9375
F9,Frontier Airlines Inc.,2013,11,0.070239222583,1.25
F9,Frontier Airlines Inc.,2013,12,0.0731819503623,1.375
F9,Frontier Airlines Inc.,2014,1,0.0761116807169,1.15384615385
F9,Frontier Airlines Inc.,2014,2,-0.028903004829,0.2
F9,Frontier Airlines Inc.,2014,3,0.135409722222,3.91666666667
F9,Frontier Airlines Inc.,2014,4,0.028363099978,2.0
F9,Frontier Airlines Inc.,2014,5,0.0663643664713,2.94117647059
F9,Frontier Airlines Inc.,2014,6,0.0547356065826,2.23529411765
F9,Frontier Airlines Inc.,2014,7,0.102564781605,2.78947368421
F9,Frontier Airlines Inc.,2014,8,0.11189507287,3.13636363636
F9,Frontier Airlines Inc.,2014,9,0.0574334190842,2.57142857143
F9,Frontier Airlines Inc.,2014,10,0.0385781039948,2.5
F9,Frontier Airlines Inc.,2014,11,0.0713157367324,3.44444444444
F9,Frontier Airlines Inc.,2014,12,0.0211211820587,2.75
F9,Frontier Airlines Inc.,2015,1,0.0274976808905,1.64285714286
F9,Frontier Airlines Inc.,2015,2,0.0243891632832,1.0
F9,Frontier Airlines Inc.,2015,3,0.0208684893053,1.0
F9,Frontier Airlines Inc.,2015,4,0.00857876902755,3.78571428571
F9,Frontier Airlines Inc.,2015,5,0.153877587112,4.4
F9,Frontier Airlines Inc.,2015,6,0.00989599268735,1.42105263158
F9,Frontier Airlines Inc.,2015,7,0.056745423694,1.8
F9,Frontier Airlines Inc.,2015,8,-0.233333333333,1.0
HA,Hawaiian Airlines Inc.,2010,2,0.247186147186,5.0
HA,Hawaiian Airlines Inc.,2010,4,0.12619047619,1.0
HA,Hawaiian Airlines Inc.,2010,5,0.0742211773734,3.25
HA,Hawaiian Airlines Inc.,2010,6,0.26650500099,6.66666666667
HA,Hawaiian Airlines Inc.,2010,7,0.228117484367,6.75
HA,Hawaiian Airlines Inc.,2010,8,-0.00796807359307,5.0
HA,Hawaiian Airlines Inc.,2010,9,0.189652203857,9.0
HA,Hawaiian Airlines Inc.,2010,10,0.4125,8.0
HA,Hawaiian Airlines Inc.,2010,12,-0.147222222222,3.0
HA,Hawaiian Airlines Inc.,2011,1,0.208721218885,6.25
HA,Hawaiian Airlines Inc.,2011,2,0.261875,4.0
HA,Hawaiian Airlines Inc.,2011,3,0.0131313131313,6.0
HA,Hawaiian Airlines Inc.,2011,4,0.275053768982,6.4
HA,Hawaiian Airlines Inc.,2011,5,0.00460031866282,5.0
HA,Hawaiian Airlines Inc.,2011,6,0.124505070547,4.55555555556
HA,Hawaiian Airlines Inc.,2011,7,0.285734454939,7.5
HA,Hawaiian Airlines Inc.,2011,8,0.107900046382,4.0
HA,Hawaiian Airlines Inc.,2011,9,-0.4,1.0
HA,Hawaiian Airlines Inc.,2011,10,0.0838541666667,2.0
HA,Hawaiian Airlines Inc.,2011,12,-0.188194444444,1.5
HA,Hawaiian Airlines Inc.,2012,1,0.11341013379,6.5
HA,Hawaiian Airlines Inc.,2012,2,0.25428030303,5.5
HA,Hawaiian Airlines Inc.,2012,3,0.0109583333333,1.8
HA,Hawaiian Airlines Inc.,2012,4,0.241872201872,5.6
HA,Hawaiian Airlines Inc.,2012,5,0.240141471534,7.25
HA,Hawaiian Airlines Inc.,2012,6,0.157116573902,4.33333333333
HA,Hawaiian Airlines Inc.,2012,7,0.134403935185,6.66666666667
HA,Hawaiian Airlines Inc.,2012,8,0.182357892652,8.0
HA,Hawaiian Airlines Inc.,2012,9,0.10152774264,7.0
HA,Hawaiian Airlines Inc.,2012,10,0.201910425155,5.33333333333
HA,Hawaiian Airlines Inc.,2012,11,0.04375,0.0
HA,Hawaiian Airlines Inc.,2012,12,0.259052220927,7.75
HA,Hawaiian Airlines Inc.,2013,1,0.198653978345,5.88888888889
HA,Hawaiian Airlines Inc.,2013,2,0.271428571429,4.5
HA,Hawaiian Airlines Inc.,2013,3,0.170733112374,6.25
HA,Hawaiian Airlines Inc.,2013,4,0.215378111472,5.0
HA,Hawaiian Airlines Inc.,2013,5,0.221245412216,6.55555555556
HA,Hawaiian Airlines Inc.,2013,6,0.0786094075677,5.25
HA,Hawaiian Airlines Inc.,2013,7,0.207382367825,7.0
HA,Hawaiian Airlines Inc.,2013,8,0.230168269231,5.25
HA,Hawaiian Airlines Inc.,2013,9,0.100888997552,7.5
HA,Hawaiian Airlines Inc.,2013,10,0.146478347506,6.6
HA,Hawaiian Airlines Inc.,2013,11,0.135035241484,6.16666666667
HA,Hawaiian Airlines Inc.,2013,12,0.19711208764,6.0
HA,Hawaiian Airlines Inc.,2014,1,0.0699747474747,5.5
HA,Hawaiian Airlines Inc.,2014,2,0.0473704481793,6.0
HA,Hawaiian Airlines Inc.,2014,3,0.0306887755102,0.5
HA,Hawaiian Airlines Inc.,2014,4,-0.0934149184149,4.0
HA,Hawaiian Airlines Inc.,2014,5,0.218689556631,8.66666666667
HA,Hawaiian Airlines Inc.,2014,6,0.224963580827,5.0
HA,Hawaiian Airlines Inc.,2014,7,0.0662202380952,7.0
HA,Hawaiian Airlines Inc.,2014,8,0.215079365079,4.0
HA,Hawaiian Airlines Inc.,2014,9,0.17624532227,4.88888888889
HA,Hawaiian Airlines Inc.,2014,10,-0.0537916666667,5.0
HA,Hawaiian Airlines Inc.,2014,11,0.0523980528851,3.57142857143
HA,Hawaiian Airlines Inc.,2014,12,0.285739750446,6.5
HA,Hawaiian Airlines Inc.,2015,1,0.0489204545455,4.5
HA,Hawaiian Airlines Inc.,2015,2,0.447272727273,9.0
HA,Hawaiian Airlines Inc.,2015,3,0.274147727273,5.5
HA,Hawaiian Airlines Inc.,2015,4,0.131944444444,0.0
HA,Hawaiian Airlines Inc.,2015,5,0.0526794716677,5.33333333333
HA,Hawaiian Airlines Inc.,2015,6,0.00735345243914,4.0
HA,Hawaiian Airlines Inc.,2015,7,0.143623688554,6.77777777778
OH,Comair Inc.,2010,4,0.24375,8.0
OH,Comair Inc.,2010,8,-0.0875,7.0
OH,Comair Inc.,2011,2,0.231018518519,7.0
OH,Comair Inc.,2011,6,-0.03125,0.0
OH,Comair Inc.,2011,8,0.5,8.0
OH,Comair Inc.,2011,11,0.6,8.0
OH,Comair Inc.,2012,3,0.0367346938776,1.0
OH,Comair Inc.,2013,3,0.184743589744,3.0
OH,Comair Inc.,2013,4,0.111875,7.0
OH,Comair Inc.,2013,5,0.161111111111,8.0
OH,Comair Inc.,2013,9,0.264285714286,8.0
OH,Comair Inc.,2014,3,0.0824675324675,5.0
OH,Comair Inc.,2014,5,0.35,9.0
OH,Comair Inc.,2014,8,0.602777777778,9.0
OH,Comair Inc.,2014,10,0.277352472089,8.0
OH,Comair Inc.,2015,1,-0.059375,2.0
OH,Comair Inc.,2015,4,-0.053125,1.0
OH,Comair Inc.,2015,6,-0.0573979591837,1.0
OH,Comair Inc.,2015,7,0.204366987179,4.5
OO,SkyWest Airlines Inc.,2004,1,0.218571428571,0.0
OO,SkyWest Airlines Inc.,2004,6,0.451785714286,0.0
OO,SkyWest Airlines Inc.,2004,7,0.575,0.0
OO,SkyWest Airlines Inc.,2005,1,0.205,0.0
OO,SkyWest Airlines Inc.,2005,2,0.435,0.0
OO,SkyWest Airlines Inc.,2006,5,0.397,0.0
OO,SkyWest Airlines Inc.,2007,1,0.273534798535,0.0
OO,SkyWest Airlines Inc.,2007,7,0.280555555556,0.0
OO,SkyWest Airlines Inc.,2008,3,-0.0869463869464,0.0
OO,SkyWest Airlines Inc.,2008,4,-0.0159420289855,3.0
OO,SkyWest Airlines Inc.,2008,5,0.41303030303,0.0
OO,SkyWest Airlines Inc.,2008,6,-0.153703703704,1.0
OO,SkyWest Airlines Inc.,2010,2,0.347698412698,4.5
OO,SkyWest Airlines Inc.,2010,6,0.2,9.0
OO,SkyWest Airlines Inc.,2010,8,0.349033466533,8.0
OO,SkyWest Airlines Inc.,2010,9,0.166666666667,9.0
OO,SkyWest Airlines Inc.,2011,1,0.326041666667,8.0
OO,SkyWest Airlines Inc.,2011,2,0.210416666667,10.0
OO,SkyWest Airlines Inc.,2011,5,0.126530612245,9.0
OO,SkyWest Airlines Inc.,2011,7,0.127202380952,7.0
OO,SkyWest Airlines Inc.,2011,12,0.256222222222,8.0
OO,SkyWest Airlines Inc.,2012,2,0.00757575757576,7.0
OO,SkyWest Airlines Inc.,2012,5,0.318397713398,8.5
OO,SkyWest Airlines Inc.,2013,1,0.146875,7.0
OO,SkyWest Airlines Inc.,2013,4,0.483333333333,10.0
OO,SkyWest Airlines Inc.,2014,8,0.315625,0.0
OO,SkyWest Airlines Inc.,2015,1,0.250694444444,7.33333333333
OO,SkyWest Airlines Inc.,2015,4,-0.0833333333333,3.0
OO,SkyWest Airlines Inc.,2015,7,0.309375,10.0
UA,United Air Lines Inc.,2014,1,0.0615084375501,3.77777777778
UA,United Air Lines Inc.,2014,2,0.0593343736646,3.45
UA,United Air Lines Inc.,2014,3,0.0645718002035,3.1935483871
UA,United Air Lines Inc.,2014,4,0.0663335338652,3.3023255814
UA,United Air Lines Inc.,2014,5,0.0657133355574,3.15789473684
UA,United Air Lines Inc.,2014,6,0.10176377116,4.01639344262
UA,United Air Lines Inc.,2014,7,0.0445752320124,3.14705882353
UA,United Air Lines Inc.,2014,8,0.0306247694059,2.84745762712
UA,United Air Lines Inc.,2014,9,0.0354878159207,3.14
UA,United Air Lines Inc.,2014,10,0.0962993012092,3.5641025641
UA,United Air Lines Inc.,2014,11,0.142946607978,4.96296296296
UA,United Air Lines Inc.,2014,12,0.0592617486582,3.46666666667
UA,United Air Lines Inc.,2015,1,0.0684434338185,3.67272727273
UA,United Air Lines Inc.,2015,2,0.0474124868771,3.04166666667
UA,United Air Lines Inc.,2015,3,0.104158177703,2.73529411765
UA,United Air Lines Inc.,2015,4,0.121847977644,4.51612903226
UA,United Air Lines Inc.,2015,5,0.106657704707,4.03448275862
UA,United Air Lines Inc.,2015,6,0.0429501037884,3.0701754386
UA,United Air Lines Inc.,2015,7,0.0420290646546,2.53125
UA,United Air Lines Inc.,2015,8,-0.133333333333,1.0
US,US Airways Inc.,2013,5,0.077328296114,3.5
US,US Airways Inc.,2013,6,0.0904158700096,2.9
US,US Airways Inc.,2013,7,0.0511981488297,2.68421052632
US,US Airways Inc.,2013,8,0.0637591777436,3.5
US,US Airways Inc.,2013,9,0.0505647401928,2.8
US,US Airways Inc.,2013,10,0.117748095945,4.125
US,US Airways Inc.,2013,11,0.150583449324,5.23529411765
US,US Airways Inc.,2013,12,0.0506686401079,2.94117647059
US,US Airways Inc.,2014,1,0.0672648983222,3.71428571429
US,US Airways Inc.,2014,2,0.100680587931,3.4
US,US Airways Inc.,2014,3,0.127502754894,3.0
US,US Airways Inc.,2014,4,0.0183495053592,1.85714285714
US,US Airways Inc.,2014,5,0.0270904529135,2.73333333333
US,US Airways Inc.,2014,6,-0.0800131641342,1.17647058824
US,US Airways Inc.,2014,7,-0.0167432061918,1.75
US,US Airways Inc.,2014,8,0.0664844114981,2.61111111111
US,US Airways Inc.,2014,9,0.0425463326507,3.7619047619
US,US Airways Inc.,2014,10,0.109796356421,1.6
US,US Airways Inc.,2014,11,0.208109136234,4.33333333333
US,US Airways Inc.,2014,12,0.162326617569,3.5
US,US Airways Inc.,2015,1,0.0707658566181,1.72727272727
US,US Airways Inc.,2015,2,0.092585968685,2.28571428571
US,US Airways Inc.,2015,3,-0.0125897240005,1.66666666667
US,US Airways Inc.,2015,4,0.077960294134,1.27272727273
US,US Airways Inc.,2015,5,-0.0063511042098,1.4
US,US Airways Inc.,2015,6,0.112237619152,3.5
US,US Airways Inc.,2015,7,0.0141091072558,3.0
VX,Virgin America,2009,10,0.210982142857,6.0
VX,Virgin America,2009,11,0.128800925926,4.66666666667
VX,Virgin America,2009,12,0.263581349206,6.33333333333
VX,Virgin America,2010,1,0.446725589226,9.25
VX,Virgin America,2010,2,0.189166666667,10.0
VX,Virgin America,2010,3,0.28931372549,9.66666666667
VX,Virgin America,2010,4,0.236904761905,9.0
VX,Virgin America,2010,6,0.43025137741,10.0
VX,Virgin America,2010,7,0.303637477718,10.0
VX,Virgin America,2010,8,0.311075036075,8.33333333333
VX,Virgin America,2010,9,0.180103114478,9.33333333333
VX,Virgin America,2010,10,0.146527777778,9.0
VX,Virgin America,2010,11,0.372491466866,9.33333333333
VX,Virgin America,2011,1,0.279310606061,5.6
VX,Virgin America,2011,2,0.387662037037,9.0
VX,Virgin America,2011,3,0.3171875,10.0
VX,Virgin America,2011,4,-0.0423611111111,8.5
VX,Virgin America,2011,5,0.153077313312,9.0
VX,Virgin America,2011,6,0.332472084794,9.5
VX,Virgin America,2011,7,0.362693589431,9.75
VX,Virgin America,2011,8,0.386999458874,8.5
VX,Virgin America,2011,10,0.132828920518,6.0
VX,Virgin America,2011,11,0.30078125,7.5
VX,Virgin America,2011,12,0.239921536797,7.5
VX,Virgin America,2012,1,0.125585016835,4.75
VX,Virgin America,2012,2,0.196153628118,7.0
VX,Virgin America,2012,3,0.282880591631,7.0
VX,Virgin America,2012,4,0.206595504363,6.14285714286
VX,Virgin America,2012,5,0.00615931136764,6.66666666667
VX,Virgin America,2012,6,0.325,7.33333333333
VX,Virgin America,2012,7,0.21621217082,7.75
VX,Virgin America,2012,8,0.128706168831,6.2
VX,Virgin America,2012,9,0.209292929293,6.0
VX,Virgin America,2012,10,0.291666666667,9.0
VX,Virgin America,2012,11,0.262870982553,7.6
VX,Virgin America,2012,12,0.340335648148,10.0
VX,Virgin America,2013,1,0.227373278237,7.6
VX,Virgin America,2013,2,0.250888047138,7.25
VX,Virgin America,2013,3,-0.175,3.0
VX,Virgin America,2013,4,0.36318287037,9.25
VX,Virgin America,2013,5,0.174051159746,4.66666666667
VX,Virgin America,2013,6,0.0531629644865,4.75
VX,Virgin America,2013,7,0.0953455687831,4.0
VX,Virgin America,2013,8,0.257130241247,9.14285714286
VX,Virgin America,2013,9,0.105540096828,6.33333333333
VX,Virgin America,2013,10,0.400856331169,8.75
VX,Virgin America,2013,11,0.22876984127,4.0
VX,Virgin America,2013,12,0.0838459785828,4.0
VX,Virgin America,2014,1,0.122720132876,5.5
VX,Virgin America,2014,2,0.228013814617,6.2
VX,Virgin America,2014,3,0.185560768672,4.25
VX,Virgin America,2014,4,0.128899911817,3.5
VX,Virgin America,2014,5,-0.11891025641,5.0
VX,Virgin America,2014,6,0.335347222222,6.5
VX,Virgin America,2014,7,0.296012626263,6.6
VX,Virgin America,2014,8,0.206484962406,6.5
VX,Virgin America,2014,9,0.291021825397,8.66666666667
VX,Virgin America,2014,10,0.283803571429,8.33333333333
VX,Virgin America,2014,11,0.416455200501,10.0
VX,Virgin America,2014,12,0.17917027417,7.0
VX,Virgin America,2015,1,0.156112637363,6.0
VX,Virgin America,2015,2,0.2,0.0
VX,Virgin America,2015,3,0.191583694084,6.0
VX,Virgin America,2015,4,0.135978835979,6.0
VX,Virgin America,2015,5,0.292487373737,6.5
VX,Virgin America,2015,6,0.319830827068,9.0
VX,Virgin America,2015,7,0.122106481481,6.5
WN,Southwest Airlines Co.,2010,10,0.130701754386,7.5
WN,Southwest Airlines Co.,2010,11,0.205534511785,7.66666666667
WN,Southwest Airlines Co.,2010,12,0.266866153027,6.66666666667
WN,Southwest Airlines Co.,2011,1,0.259553646585,8.58333333333
WN,Southwest Airlines Co.,2011,2,0.0125,9.0
WN,Southwest Airlines Co.,2011,3,0.220198412698,9.0
WN,Southwest Airlines Co.,2011,4,0.167453102453,5.0
WN,Southwest Airlines Co.,2011,5,-0.00220549826635,2.875
WN,Southwest Airlines Co.,2011,6,0.230833333333,7.66666666667
WN,Southwest Airlines Co.,2011,7,0.108409106825,6.3
WN,Southwest Airlines Co.,2011,8,0.256361693862,9.33333333333
WN,Southwest Airlines Co.,2011,9,0.308487037037,9.0
WN,Southwest Airlines Co.,2011,10,0.248268398268,9.5
WN,Southwest Airlines Co.,2011,11,0.212734487734,8.0
WN,Southwest Airlines Co.,2011,12,0.210822510823,9.0
WN,Southwest Airlines Co.,2012,1,0.22715957191,7.6
WN,Southwest Airlines Co.,2012,3,0.188998015873,7.0
WN,Southwest Airlines Co.,2012,4,0.208040813203,7.11111111111
WN,Southwest Airlines Co.,2012,5,0.170807511065,7.5
WN,Southwest Airlines Co.,2012,6,0.171439029766,6.44444444444
WN,Southwest Airlines Co.,2012,7,0.115549107143,5.625
WN,Southwest Airlines Co.,2012,8,0.0791453823954,5.4
WN,Southwest Airlines Co.,2012,9,0.25614579659,9.0
WN,Southwest Airlines Co.,2012,10,0.177447811448,7.0
WN,Southwest Airlines Co.,2012,11,0.400144300144,7.28571428571
WN,Southwest Airlines Co.,2012,12,0.3,10.0
WN,Southwest Airlines Co.,2013,1,0.0769791666667,4.25
WN,Southwest Airlines Co.,2013,2,0.0881237547963,6.75
WN,Southwest Airlines Co.,2013,3,0.19982032758,9.42857142857
WN,Southwest Airlines Co.,2013,4,0.0670972222222,6.4
WN,Southwest Airlines Co.,2013,5,0.132085030201,4.72727272727
WN,Southwest Airlines Co.,2013,6,0.109132025382,7.6
WN,Southwest Airlines Co.,2013,7,0.103959034792,5.44444444444
WN,Southwest Airlines Co.,2013,8,0.0756636904762,5.8
WN,Southwest Airlines Co.,2013,9,0.199699026367,4.875
WN,Southwest Airlines Co.,2013,10,0.182145957341,4.75
WN,Southwest Airlines Co.,2013,11,0.205997960373,3.8
WN,Southwest Airlines Co.,2013,12,0.114019793523,5.5
WN,Southwest Airlines Co.,2014,1,0.0632895484145,5.5
WN,Southwest Airlines Co.,2014,2,0.114049036281,6.14285714286
WN,Southwest Airlines Co.,2014,3,0.0509949494949,4.2
WN,Southwest Airlines Co.,2014,4,0.211026802437,4.09090909091
WN,Southwest Airlines Co.,2014,5,0.0887750821256,4.0
WN,Southwest Airlines Co.,2014,6,0.108958152958,2.7
WN,Southwest Airlines Co.,2014,7,0.0814896206021,1.66666666667
WN,Southwest Airlines Co.,2014,8,0.185689494408,5.26315789474
WN,Southwest Airlines Co.,2014,9,0.0602295009034,4.0
WN,Southwest Airlines Co.,2014,10,0.17317965368,5.6
WN,Southwest Airlines Co.,2014,11,0.256072751323,7.0
WN,Southwest Airlines Co.,2014,12,0.066810966811,1.0
WN,Southwest Airlines Co.,2015,1,0.187031265031,6.6
WN,Southwest Airlines Co.,2015,2,0.120569125357,5.375
WN,Southwest Airlines Co.,2015,3,0.118794079185,4.75
WN,Southwest Airlines Co.,2015,4,0.192782544836,5.75
WN,Southwest Airlines Co.,2015,5,-0.011045931193,3.8
WN,Southwest Airlines Co.,2015,6,0.171096906566,7.0
WN,Southwest Airlines Co.,2015,7,0.0612161048374,4.0
